BusinessName,BusinessType,Location
2028-30 IBERVILLE LLC,4701 - HOTELS (EXC CASINO HOTELS) & MOTELS,
WYNDHAM GARDEN HOTEL,4701 - HOTELS (EXC CASINO HOTELS) & MOTELS,
2036-38 IBERVILLE,4701 - HOTELS (EXC CASINO HOTELS) & MOTELS,
STAYBRIDGE SUITES,4701 - HOTELS (EXC CASINO HOTELS) & MOTELS,
RODEWAY INN & SUITES,4701 - HOTELS (EXC CASINO HOTELS) & MOTELS,
RESIDENCE INN BY MARRIOTT-[H/P],4701 - HOTELS (EXC CASINO HOTELS) & MOTELS,
RODEWAY INN & SUITES,4701 - HOTELS (EXC CASINO HOTELS) & MOTELS,
LUCKY INN HOTEL,4701 - HOTELS (EXC CASINO HOTELS) & MOTELS,
CARRIE'S COOL PROPERTIES,4703 - BED & BREAKFAST INNS,
PETER AND PAUL HOTEL,4701 - HOTELS (EXC CASINO HOTELS) & MOTELS,
THE TROUBADOUR,4701 - HOTELS (EXC CASINO HOTELS) & MOTELS,
LAFITTE GUEST HOUSE,4701 - HOTELS (EXC CASINO HOTELS) & MOTELS,
MONTE CARLO MOTEL,4701 - HOTELS (EXC CASINO HOTELS) & MOTELS,
THE PELHAM HOTEL,4701 - HOTELS (EXC CASINO HOTELS) & MOTELS,
ST. JAMES HOTEL,4701 - HOTELS (EXC CASINO HOTELS) & MOTELS,
EXTRA HOLIDAYS,4701 - HOTELS (EXC CASINO HOTELS) & MOTELS,
TERRELL HOUSE,4703 - BED & BREAKFAST INNS,
QUALITY INN,4701 - HOTELS (EXC CASINO HOTELS) & MOTELS,
R & B ROOMS,4702 - ROOMING & BOARDING HOUSES,
INN AT THE OLD JAIL,4703 - BED & BREAKFAST INNS,
ECONOMY INN,"4704 - TRAVELER ACCOMMODATION, ALL OTH",
ENTROPY ROOMS,4702 - ROOMING & BOARDING HOUSES,
NEW ORLEANS JAZZ QUARTERS,4701 - HOTELS (EXC CASINO HOTELS) & MOTELS,
STATELY HOME GUEST HOUSE,4703 - BED & BREAKFAST INNS,
MASON MOTEL INC,4701 - HOTELS (EXC CASINO HOTELS) & MOTELS,
BON MAISON GUEST HOUSE,4702 - ROOMING & BOARDING HOUSES,
FEDERAL CITY INN & SUITES,4701 - HOTELS (EXC CASINO HOTELS) & MOTELS,
THE CORSAIR HOTEL,4701 - HOTELS (EXC CASINO HOTELS) & MOTELS,
HOLIDAY INN EXPRESS,4701 - HOTELS (EXC CASINO HOTELS) & MOTELS,
"LA FEMME FRANCAISE NATASHA, LLC",4703 - BED & BREAKFAST INNS,
HILTON NEW ORLEANS/ ST CHARLES AVENUE,4701 - HOTELS (EXC CASINO HOTELS) & MOTELS,
DAYS INN & SUITES NEW ORLEANS EAST,4701 - HOTELS (EXC CASINO HOTELS) & MOTELS,
LA DAUPHINE,4703 - BED & BREAKFAST INNS,
ST CHARLES COACH HOUSE,4701 - HOTELS (EXC CASINO HOTELS) & MOTELS,
PARKS BOWMAN HOUSE,4703 - BED & BREAKFAST INNS,
LIONS INN,4703 - BED & BREAKFAST INNS,
SUNBURST INN,4703 - BED & BREAKFAST INNS,
THE DRIFTER HOTEL,4701 - HOTELS (EXC CASINO HOTELS) & MOTELS,
"2532 N RAMPART STREET, LLC",4703 - BED & BREAKFAST INNS,
SUITE JAZZ ON FRENCHMEN,4703 - BED & BREAKFAST INNS,
ALDER HOTEL UPTOWN,4701 - HOTELS (EXC CASINO HOTELS) & MOTELS,
PARISIAN COURTYARD INN,4703 - BED & BREAKFAST INNS,
OLD LA LA'S CREOLE COTTAGE,4703 - BED & BREAKFAST INNS,
CHATEAU ESPLANADE,4701 - HOTELS (EXC CASINO HOTELS) & MOTELS,
905 ROYAL HOTEL,4701 - HOTELS (EXC CASINO HOTELS) & MOTELS,
COUNTRY INN & SUITES,4701 - HOTELS (EXC CASINO HOTELS) & MOTELS,
1896 O'MALLEY HOUSE,4701 - HOTELS (EXC CASINO HOTELS) & MOTELS,
HG NEW ORLEANS CONVENTION CENTER,4701 - HOTELS (EXC CASINO HOTELS) & MOTELS,
CATAHOULA HOTEL LLC,4701 - HOTELS (EXC CASINO HOTELS) & MOTELS,
NOLA10LLC,4701 - HOTELS (EXC CASINO HOTELS) & MOTELS,
LA GALERIE,4701 - HOTELS (EXC CASINO HOTELS) & MOTELS,
ST. PETER GUEST HOUSE,4701 - HOTELS (EXC CASINO HOTELS) & MOTELS,
HILTON GARDEN INN FQ/CBD,4701 - HOTELS (EXC CASINO HOTELS) & MOTELS,
A & C CORPORATION,4701 - HOTELS (EXC CASINO HOTELS) & MOTELS,
SCHIRO'S GUEST HOUSE,4703 - BED & BREAKFAST INNS,
"COUNTRY INN & SUITES,NEW ORLEANS I-10 EAST",4701 - HOTELS (EXC CASINO HOTELS) & MOTELS,
ENGINE 24 FIREHOUSE,4703 - BED & BREAKFAST INNS,
JEAN LAFITTE HOUSE,"4704 - TRAVELER ACCOMMODATION, ALL OTH",
RESIDENCE INN BY MARRIOT,4701 - HOTELS (EXC CASINO HOTELS) & MOTELS,
THE QUISBY,4701 - HOTELS (EXC CASINO HOTELS) & MOTELS,
QUEEN & CRESCENT HOTEL,4701 - HOTELS (EXC CASINO HOTELS) & MOTELS,
NEW ORLEANS INN,"4704 - TRAVELER ACCOMMODATION, ALL OTH",
PARKVIEW GUEST HOUSE,4701 - HOTELS (EXC CASINO HOTELS) & MOTELS,
"SUPERIOR RESTAURANT GROUP, LLC",4701 - HOTELS (EXC CASINO HOTELS) & MOTELS,
FESTIVA TRAVEL SERVICES,4701 - HOTELS (EXC CASINO HOTELS) & MOTELS,
BEST WEST ST CHRIS HOTEL,4701 - HOTELS (EXC CASINO HOTELS) & MOTELS,
CHATEAU LEMOYNE  ATTN: FINANCE DEPT:,4701 - HOTELS (EXC CASINO HOTELS) & MOTELS,
HOTEL LE MARAIS,4701 - HOTELS (EXC CASINO HOTELS) & MOTELS,
THE GENTRY HOUSE,4703 - BED & BREAKFAST INNS,
THE DUCHESS,4703 - BED & BREAKFAST INNS,
FESTIVA RESORTS,4701 - HOTELS (EXC CASINO HOTELS) & MOTELS,
MAISON ROYAL,4703 - BED & BREAKFAST INNS,
1830 DAUPHINE HOUSE,4703 - BED & BREAKFAST INNS,
AIRYN MONET,4703 - BED & BREAKFAST INNS,
HOLIDAY INN EXPRESS,4701 - HOTELS (EXC CASINO HOTELS) & MOTELS,
WEBBER'S MOTEL,4701 - HOTELS (EXC CASINO HOTELS) & MOTELS,
GLADSTONE RESTAURANT HOTEL LOUNGE,4701 - HOTELS (EXC CASINO HOTELS) & MOTELS,
RIVER HOUSE NEW ORLEANS,4703 - BED & BREAKFAST INNS,
COUNTRY INN & SUITES NEW ORLEANS,4701 - HOTELS (EXC CASINO HOTELS) & MOTELS,
THE ROOSEVELT HOTEL WAC,4701 - HOTELS (EXC CASINO HOTELS) & MOTELS,
HILTON NEW ORLEANS RIVERSIDE,4701 - HOTELS (EXC CASINO HOTELS) & MOTELS,
THE BURGUNDY BED AND BREAKFAST,4703 - BED & BREAKFAST INNS,
MAISON LAFAYETTE,4703 - BED & BREAKFAST INNS,
MAISON MACARTY,4703 - BED & BREAKFAST INNS,
PONTCHARTRAIN HOTEL,4701 - HOTELS (EXC CASINO HOTELS) & MOTELS,
HOTEL ST MARIE,4701 - HOTELS (EXC CASINO HOTELS) & MOTELS,
THE FRENCHMEN HOTEL,4701 - HOTELS (EXC CASINO HOTELS) & MOTELS,
THE MAGEE MANOR,4703 - BED & BREAKFAST INNS,
631 DESIRE LLC,4703 - BED & BREAKFAST INNS,
THE CORNSTALK HOTEL,4701 - HOTELS (EXC CASINO HOTELS) & MOTELS,
BOUGAINVILLEA HOUSE,4703 - BED & BREAKFAST INNS,
LE PAVILLON HOTEL HOTEL TAX,4701 - HOTELS (EXC CASINO HOTELS) & MOTELS,
ZORA-A NEW ORLENS B & B,4703 - BED & BREAKFAST INNS,
CREOLE HOUSE,4701 - HOTELS (EXC CASINO HOTELS) & MOTELS,
W FRENCH QUARTER HOTEL,4701 - HOTELS (EXC CASINO HOTELS) & MOTELS,
HOTEL ST PIERRE,4701 - HOTELS (EXC CASINO HOTELS) & MOTELS,
THE RITZ CARLTON HOTEL CO LLC,4701 - HOTELS (EXC CASINO HOTELS) & MOTELS,
HARRAH'S POYDRAS HOTEL,2060 - CASINO HOTELS,
HYATT REGENCY NEW ORLEANS,4701 - HOTELS (EXC CASINO HOTELS) & MOTELS,
1415 CREOLE GARDENS,4701 - HOTELS (EXC CASINO HOTELS) & MOTELS,
FLEUR DE MARIGNY,4703 - BED & BREAKFAST INNS,
BLUE LAGOON NOLA,4701 - HOTELS (EXC CASINO HOTELS) & MOTELS,
BEST WAY INN & SUITES & TRAILOR PARK,4701 - HOTELS (EXC CASINO HOTELS) & MOTELS,
LITTLE EAZY BED & BREAKFAST,4703 - BED & BREAKFAST INNS,
THE OLD NO. 77 HOTEL & CHANDLERY - MAIN,4701 - HOTELS (EXC CASINO HOTELS) & MOTELS,
STUDIO 6 #6000,4701 - HOTELS (EXC CASINO HOTELS) & MOTELS,
CREOLE INN RUE DAUPHINE,4703 - BED & BREAKFAST INNS,
SITE 61 HOSTEL,4702 - ROOMING & BOARDING HOUSES,
CLAIBORNE MANSION (THE),4703 - BED & BREAKFAST INNS,
ANTEBELLUM GUEST HOUSE,4703 - BED & BREAKFAST INNS,
RELAX INN,4701 - HOTELS (EXC CASINO HOTELS) & MOTELS,
WESTIN NEW ORLEANS CANAL PLACE,4701 - HOTELS (EXC CASINO HOTELS) & MOTELS,
ROYAL INN OF NEW ORLEANS,4701 - HOTELS (EXC CASINO HOTELS) & MOTELS,
THE VICTORIAN HOUSE,4703 - BED & BREAKFAST INNS,
AC HOTEL NEW ORLEANS BOURBON/FRENCH QUARTER AREA,4701 - HOTELS (EXC CASINO HOTELS) & MOTELS,
THE TROUBADOUR,4701 - HOTELS (EXC CASINO HOTELS) & MOTELS,
MONROSE ROW B & B,4703 - BED & BREAKFAST INNS,
INTERNATIONAL HOUSE HOTEL,4701 - HOTELS (EXC CASINO HOTELS) & MOTELS,
OMNI RIVERFRONT HOTEL,4701 - HOTELS (EXC CASINO HOTELS) & MOTELS,
BYWATER BED & BREAKFAST,4703 - BED & BREAKFAST INNS,
BOURGOYNE GUEST HOUSE,4703 - BED & BREAKFAST INNS,
BLUE60 GUEST HOUSE,4703 - BED & BREAKFAST INNS,
PRINCE CONTI HOTEL,4701 - HOTELS (EXC CASINO HOTELS) & MOTELS,
GRAVIER,4701 - HOTELS (EXC CASINO HOTELS) & MOTELS,
JELLY ROLL SUITES,4701 - HOTELS (EXC CASINO HOTELS) & MOTELS,
HOTEL MAISON DE VILLE,4701 - HOTELS (EXC CASINO HOTELS) & MOTELS,
ASHTON'S BED & BREAKFAST,4701 - HOTELS (EXC CASINO HOTELS) & MOTELS,
RENAISSANCE ARTS HOTEL,4701 - HOTELS (EXC CASINO HOTELS) & MOTELS,
STUDIO 6 NEW ORLEANS,4701 - HOTELS (EXC CASINO HOTELS) & MOTELS,
SPRINGHILL SUITES BY MARRIOTT H/P,4701 - HOTELS (EXC CASINO HOTELS) & MOTELS,
ROYAL SONESTA HOTEL,4701 - HOTELS (EXC CASINO HOTELS) & MOTELS,
BELLEVILLE COTTAGE BED &      BREAKFAST,4703 - BED & BREAKFAST INNS,
THE PRYTANIA OAKS HOTEL,4701 - HOTELS (EXC CASINO HOTELS) & MOTELS,
EMBASSY SUITES CONVENTION HOTEL,4701 - HOTELS (EXC CASINO HOTELS) & MOTELS,
SULLY MANSION,4702 - ROOMING & BOARDING HOUSES,
BED AND BREAKFAST  ON THE POINT,4701 - HOTELS (EXC CASINO HOTELS) & MOTELS,
LOEWS NEW ORLEANS HOTEL,4701 - HOTELS (EXC CASINO HOTELS) & MOTELS,
"MONARCH NEW ORLEANS, LP",4701 - HOTELS (EXC CASINO HOTELS) & MOTELS,
DAYS INN & SUITES,4701 - HOTELS (EXC CASINO HOTELS) & MOTELS,
JACKS MOTEL,4701 - HOTELS (EXC CASINO HOTELS) & MOTELS,
1503 GUEST HOUSE LLC,4703 - BED & BREAKFAST INNS,
DRURY INN NEW ORLEANS,4701 - HOTELS (EXC CASINO HOTELS) & MOTELS,
DOUBLE TREE BY HILTON NEW ORLEANS,4701 - HOTELS (EXC CASINO HOTELS) & MOTELS,
THE MERCHANTILE HOTEL,4701 - HOTELS (EXC CASINO HOTELS) & MOTELS,
THE JUNG HOTEL & RESIDENCES,4701 - HOTELS (EXC CASINO HOTELS) & MOTELS,
MAISON DUBOIS,4701 - HOTELS (EXC CASINO HOTELS) & MOTELS,
HYATT PLACE NEW ORLEANS CONVENTION CENTER,4701 - HOTELS (EXC CASINO HOTELS) & MOTELS,
HISTORIC URSULINES COTTAGE,4703 - BED & BREAKFAST INNS,
WHITNEY HOTEL,4701 - HOTELS (EXC CASINO HOTELS) & MOTELS,
GARDEN DISTRICT B & B,4703 - BED & BREAKFAST INNS,
SONIAT HOUSE,4701 - HOTELS (EXC CASINO HOTELS) & MOTELS,
GRENOBLE HOUSE,4701 - HOTELS (EXC CASINO HOTELS) & MOTELS,
BIENVILLE HOUSE MOTOR HOTEL,4701 - HOTELS (EXC CASINO HOTELS) & MOTELS,
THE HOTEL MODERN,4701 - HOTELS (EXC CASINO HOTELS) & MOTELS,
NEW ORLEANS MARRIOTT AT THE CONVENTION CENTER-[H/P,4701 - HOTELS (EXC CASINO HOTELS) & MOTELS,
BOURBON ORLEANS HOTEL,4701 - HOTELS (EXC CASINO HOTELS) & MOTELS,
LE RICHELIEU CORP,4701 - HOTELS (EXC CASINO HOTELS) & MOTELS,
CHIMES BED & BREAKFAST (THE),4703 - BED & BREAKFAST INNS,
ROSE MANOR,4701 - HOTELS (EXC CASINO HOTELS) & MOTELS,
EMBASSY SUITES CONVENTION CENTER,4701 - HOTELS (EXC CASINO HOTELS) & MOTELS,
ANDREW JACKSON HOTEL,4701 - HOTELS (EXC CASINO HOTELS) & MOTELS,
ASTOR CROWN PLAZA NEW ORLEANS ATTN: DIR. OF FIN.,4701 - HOTELS (EXC CASINO HOTELS) & MOTELS,
AUDUBON PARK HOUSE,4703 - BED & BREAKFAST INNS,
MOTEL 6,4701 - HOTELS (EXC CASINO HOTELS) & MOTELS,
MAISON DE LAGNIAPPE,4703 - BED & BREAKFAST INNS,
SUN OAK MUSEUM AND GUEST HOUSE,4703 - BED & BREAKFAST INNS,
ACE HOTEL,4701 - HOTELS (EXC CASINO HOTELS) & MOTELS,
THE QUEEN ANNE HOTEL,4701 - HOTELS (EXC CASINO HOTELS) & MOTELS,
MARAIS HOUSE,4703 - BED & BREAKFAST INNS,
HYATT REGENCY NEW ORLEANS-,4701 - HOTELS (EXC CASINO HOTELS) & MOTELS,
MAISON DUPUY HOTEL,4701 - HOTELS (EXC CASINO HOTELS) & MOTELS,
LOFT 523,4701 - HOTELS (EXC CASINO HOTELS) & MOTELS,
OLDE TOWN INN,4701 - HOTELS (EXC CASINO HOTELS) & MOTELS,
MENTONE BED & BREAKFAST,4703 - BED & BREAKFAST INNS,
INTER - CONTINENTAL ROOMS,4701 - HOTELS (EXC CASINO HOTELS) & MOTELS,
PLACE D'ARMES HOTEL,4701 - HOTELS (EXC CASINO HOTELS) & MOTELS,
CHATEAU HOTEL,4701 - HOTELS (EXC CASINO HOTELS) & MOTELS,
STAY ALFRED,4701 - HOTELS (EXC CASINO HOTELS) & MOTELS,
NEW ORLEANS FESTIVAL HOUSE,4703 - BED & BREAKFAST INNS,
PIERRE COULON GUEST HOUSE,4703 - BED & BREAKFAST INNS,
SOUTHERN COMFORT BED & BREAKFAST,4703 - BED & BREAKFAST INNS,
B ON CANAL,4701 - HOTELS (EXC CASINO HOTELS) & MOTELS,
ST CHARLES GUEST HOUSE,4703 - BED & BREAKFAST INNS,
FLORVILLE MANOR,4703 - BED & BREAKFAST INNS,
THE GRAND VICTORIAN BED &     BREAKFAST,4701 - HOTELS (EXC CASINO HOTELS) & MOTELS,
MAZANT HOLDING LLC,4703 - BED & BREAKFAST INNS,
INDIA HOUSE BACKPACKERS HOTEL,4701 - HOTELS (EXC CASINO HOTELS) & MOTELS,
HOSTEEVA CALIFORNIA BUILDING BY HOSTEEVA,4701 - HOTELS (EXC CASINO HOTELS) & MOTELS,
NOLA PLACE,4703 - BED & BREAKFAST INNS,
MARK & RON'S B&B,8806 - .1(43) BED AND BREAKFAST 1 TO 2 ROOMS,
FAIRCHILD HOUSE,4701 - HOTELS (EXC CASINO HOTELS) & MOTELS,
CHEZ PALMIERS BED & BREAKFAST,4703 - BED & BREAKFAST INNS,
111 IBERVILLE,4701 - HOTELS (EXC CASINO HOTELS) & MOTELS,
NONI'S NOLA ON FRENCHMAN,4703 - BED & BREAKFAST INNS,
ELYSAIN FIELDS INN,4703 - BED & BREAKFAST INNS,
FRENCH MARKET INN,4701 - HOTELS (EXC CASINO HOTELS) & MOTELS,
NEW ORLEANS MARRIOTT HOTEL-[H/P],4701 - HOTELS (EXC CASINO HOTELS) & MOTELS,
DAUZAT HOUSE,4702 - ROOMING & BOARDING HOUSES,
HOMEWOOD SUITES NEW ORLEANS FRENCH QUARTER,4701 - HOTELS (EXC CASINO HOTELS) & MOTELS,
LA BELLE ESPLANADE,4703 - BED & BREAKFAST INNS,
R R LODGING,4701 - HOTELS (EXC CASINO HOTELS) & MOTELS,
WG CREOLE HOUSE,4703 - BED & BREAKFAST INNS,
HAUNTED HOTEL ON URSULINES,4702 - ROOMING & BOARDING HOUSES,
AUDUBON COTTAGES,4701 - HOTELS (EXC CASINO HOTELS) & MOTELS,
929 MARIGNY PAINTED LADY'S INN,4703 - BED & BREAKFAST INNS,
MARIGNY MANOR HOUSE,4703 - BED & BREAKFAST INNS,
ST. PHILIP FRENCH QUARTER APARTMENTS,4701 - HOTELS (EXC CASINO HOTELS) & MOTELS,
LANAUX MANSION,4703 - BED & BREAKFAST INNS,
BOHEME DE MARIGNY,4703 - BED & BREAKFAST INNS,
B & W COURTYARDS BED & BREAKFAST,1004 - NOT OPERATING PENDING APPRVL BY S & P,
CAMBRIA NEW ORLEANS DOWNTOWN,4701 - HOTELS (EXC CASINO HOTELS) & MOTELS,
COURTYARD NEW ORLEANS DOWNTOWN/IBERVILLE,4701 - HOTELS (EXC CASINO HOTELS) & MOTELS,
BLAKE HOTEL NEW ORLEANS,4701 - HOTELS (EXC CASINO HOTELS) & MOTELS,
ROYAL STREET COURTYARD,4701 - HOTELS (EXC CASINO HOTELS) & MOTELS,
APARIUM HOTEL GROUP,4701 - HOTELS (EXC CASINO HOTELS) & MOTELS,
HOTEL MAISON PIERRE LAFITTE   LTD,4701 - HOTELS (EXC CASINO HOTELS) & MOTELS,
MOTEL 6 NEW ORLEANS,4701 - HOTELS (EXC CASINO HOTELS) & MOTELS,
KATHERINE B SENTER,4703 - BED & BREAKFAST INNS,
JEFF DAVIS,4702 - ROOMING & BOARDING HOUSES,
RATHB0NE MANSIONS,4701 - HOTELS (EXC CASINO HOTELS) & MOTELS,
MAISON PERRIER,4703 - BED & BREAKFAST INNS,
THE SAINT HOTEL,4701 - HOTELS (EXC CASINO HOTELS) & MOTELS,
HOSTEEVA,4701 - HOTELS (EXC CASINO HOTELS) & MOTELS,
MAGNOLIA MANSION HOTEL,4701 - HOTELS (EXC CASINO HOTELS) & MOTELS,
MARCELIN'S ON NAPOLEON,4703 - BED & BREAKFAST INNS,
ALOFT NEW ORLEANS DOWNTOWN,4701 - HOTELS (EXC CASINO HOTELS) & MOTELS,
TULANE HOTEL GROUP INC,4701 - HOTELS (EXC CASINO HOTELS) & MOTELS,
HOTEL INDIGO- MAIN,4701 - HOTELS (EXC CASINO HOTELS) & MOTELS,
DEGAS HOUSE,4703 - BED & BREAKFAST INNS,
THE BEN LOUIE,4701 - HOTELS (EXC CASINO HOTELS) & MOTELS,
HAMPTON INN & SUITES-NEW ORLEANS DOWNTOWN,4701 - HOTELS (EXC CASINO HOTELS) & MOTELS,
INN ON URSULINES,4701 - HOTELS (EXC CASINO HOTELS) & MOTELS,
ROYAL CRESCENT HOTEL,4701 - HOTELS (EXC CASINO HOTELS) & MOTELS,
LA MAISON MARIGNY B & B,4703 - BED & BREAKFAST INNS,
LA MAISON DE LA MUSIQUE,4703 - BED & BREAKFAST INNS,
LE MERIDIEN NEW ORLEANS,4701 - HOTELS (EXC CASINO HOTELS) & MOTELS,
THE CONCIERGE CONNECTION,"4704 - TRAVELER ACCOMMODATION, ALL OTH",
FRENCH QUARTER SUITES,4701 - HOTELS (EXC CASINO HOTELS) & MOTELS,
1851 INN ON ST CHARLES,4703 - BED & BREAKFAST INNS,
SUPER 8 MOTEL,4701 - HOTELS (EXC CASINO HOTELS) & MOTELS,
ROYAL ORLEANS HOTEL,4701 - HOTELS (EXC CASINO HOTELS) & MOTELS,
MELROSE MANSION,4701 - HOTELS (EXC CASINO HOTELS) & MOTELS,
ST. HELENE HOTEL,4701 - HOTELS (EXC CASINO HOTELS) & MOTELS,
PRYTANIA PARK HOTEL,4701 - HOTELS (EXC CASINO HOTELS) & MOTELS,
"MAISON TOURISTE, LLC",4703 - BED & BREAKFAST INNS,
HYATT HOUSE NEW ORLEANS DOWNTOWN,4701 - HOTELS (EXC CASINO HOTELS) & MOTELS,
ROYAL BARRACKS GUEST HOUSE,4702 - ROOMING & BOARDING HOUSES,
CRESCENT PALMS MOTEL(HOTEL ACCT),4701 - HOTELS (EXC CASINO HOTELS) & MOTELS,
ROYAL PALMS MOTEL,4701 - HOTELS (EXC CASINO HOTELS) & MOTELS,
BUDGET INN EXPRESS,4701 - HOTELS (EXC CASINO HOTELS) & MOTELS,
HAMPTON INN - ST. CHARLES,4701 - HOTELS (EXC CASINO HOTELS) & MOTELS,
OAKVIEW BED & BREAKFAST,4703 - BED & BREAKFAST INNS,
LAMOTHE HOUSE,4701 - HOTELS (EXC CASINO HOTELS) & MOTELS,
NEW ORLEANS COURTYARD HOTEL,4701 - HOTELS (EXC CASINO HOTELS) & MOTELS,
CAMPECHE,4703 - BED & BREAKFAST INNS,
FRENCH QUARTER MANSION BOUTIQUE HOTEL,4701 - HOTELS (EXC CASINO HOTELS) & MOTELS,
MARIGNY JEWEL,4703 - BED & BREAKFAST INNS,
HAMPTON INN & SUITES - CONVENTION CENTER,4701 - HOTELS (EXC CASINO HOTELS) & MOTELS,
MAISON DE LA LUZ,4701 - HOTELS (EXC CASINO HOTELS) & MOTELS,
A CRESCENT CITY GUEST,4703 - BED & BREAKFAST INNS,
TIRC HOTEL,4701 - HOTELS (EXC CASINO HOTELS) & MOTELS,
SUPREME BRIGHT NOLA II,4701 - HOTELS (EXC CASINO HOTELS) & MOTELS,
FRENCHMEN OASIS,4703 - BED & BREAKFAST INNS,
BPM HOLDINGS LLC,4701 - HOTELS (EXC CASINO HOTELS) & MOTELS,
THE ROSE,4703 - BED & BREAKFAST INNS,
QUALITY INN MAISON ST CHARLES,4701 - HOTELS (EXC CASINO HOTELS) & MOTELS,
HOMEWOOD SUITES - NEW ORLEANS,4701 - HOTELS (EXC CASINO HOTELS) & MOTELS,
"MAISON DES LUNES, LLC",4703 - BED & BREAKFAST INNS,
COLLINWOOD,4703 - BED & BREAKFAST INNS,
TONY'S FRENCH QUARTER ROOMS,4702 - ROOMING & BOARDING HOUSES,
HOTEL VILLA CONVENTO,4701 - HOTELS (EXC CASINO HOTELS) & MOTELS,
W.M.COX,4703 - BED & BREAKFAST INNS,
COURTYARD BY MARRIOTT #1MK-[H/P],4701 - HOTELS (EXC CASINO HOTELS) & MOTELS,
LOOKOUT INN NEW ORLEANS,4701 - HOTELS (EXC CASINO HOTELS) & MOTELS,
CHH-NOLA LLC,4701 - HOTELS (EXC CASINO HOTELS) & MOTELS,
MASON D'OR,4703 - BED & BREAKFAST INNS,
THE LAUREL GUEST HOME,4703 - BED & BREAKFAST INNS,
SONDER,4701 - HOTELS (EXC CASINO HOTELS) & MOTELS,
KERLEREC GUEST HOUSE,4703 - BED & BREAKFAST INNS,
BY H20 BEAUTY,4703 - BED & BREAKFAST INNS,
WELCOME ABROAD LLC,4703 - BED & BREAKFAST INNS,
"DELTA PROFICIENT MANAGEMENT, LLC",4701 - HOTELS (EXC CASINO HOTELS) & MOTELS,
MONTELEONE HOTEL,4701 - HOTELS (EXC CASINO HOTELS) & MOTELS,
MARGARET PLACE,4703 - BED & BREAKFAST INNS,
HYATT FRENCH QUARTER,4701 - HOTELS (EXC CASINO HOTELS) & MOTELS,
AULD SWEET OLIVE,4703 - BED & BREAKFAST INNS,
CKW INC,4702 - ROOMING & BOARDING HOUSES,
RENAISSANCE PERE MARQUETTE,4701 - HOTELS (EXC CASINO HOTELS) & MOTELS,
THE BEE HOUSE,4703 - BED & BREAKFAST INNS,
AUBERGE NOUVELLE ORLEANS,4703 - BED & BREAKFAST INNS,
HENRY HOWARD HOTEL,4701 - HOTELS (EXC CASINO HOTELS) & MOTELS,
HOTEL DE LA MONNAIE OWNERS  ASSOCIATION INC,4701 - HOTELS (EXC CASINO HOTELS) & MOTELS,
HOSTEEVA,4701 - HOTELS (EXC CASINO HOTELS) & MOTELS,
COMFORT SUITES,4701 - HOTELS (EXC CASINO HOTELS) & MOTELS,
LAFAYETTE HOTEL,4701 - HOTELS (EXC CASINO HOTELS) & MOTELS,
SHERATON NEW ORLEANS HOTEL,4701 - HOTELS (EXC CASINO HOTELS) & MOTELS,
HOTEL MAZARIN,4701 - HOTELS (EXC CASINO HOTELS) & MOTELS,
HOTEL PROVINCIAL,4701 - HOTELS (EXC CASINO HOTELS) & MOTELS,
HOUSE OF THE RISING SUN,4703 - BED & BREAKFAST INNS,
NOPSI HOTEL,4701 - HOTELS (EXC CASINO HOTELS) & MOTELS,
TESSIER HOUSE,4703 - BED & BREAKFAST INNS,
WILLIAM PERASSO,4703 - BED & BREAKFAST INNS,
COURTYARD BY MARRIOTT IMB-[H/P],4701 - HOTELS (EXC CASINO HOTELS) & MOTELS,
MARIE LAVAEAU GUEST HOUSE,4701 - HOTELS (EXC CASINO HOTELS) & MOTELS,
CASA LA LICIOUS,4703 - BED & BREAKFAST INNS,
LA QUINTA INN & SUITES #983  4701,4701 - HOTELS (EXC CASINO HOTELS) & MOTELS,
KATE & DAVES BED & BREAKFAST,4703 - BED & BREAKFAST INNS,
LA RUE ESPLANADE,4703 - BED & BREAKFAST INNS,
THE TREME INN,4701 - HOTELS (EXC CASINO HOTELS) & MOTELS,
HILTON N O RIVERSIDE HOTEL,4701 - HOTELS (EXC CASINO HOTELS) & MOTELS,
BANANA COURTYARD,4703 - BED & BREAKFAST INNS,
OLIVIER HOUSE HOTEL,4701 - HOTELS (EXC CASINO HOTELS) & MOTELS,
HUBBARD MANSION BED & BREAKFAST,4703 - BED & BREAKFAST INNS,
LONDON LODGE MOTEL,4701 - HOTELS (EXC CASINO HOTELS) & MOTELS,
GLENROSE MOTEL,4701 - HOTELS (EXC CASINO HOTELS) & MOTELS,
723 MARIGNY,4703 - BED & BREAKFAST INNS,
FIVE CONTINENTS,4703 - BED & BREAKFAST INNS,
THE NATCHEZ NEW ORLEANS MT,4701 - HOTELS (EXC CASINO HOTELS) & MOTELS,
CHATEAU MANAGEMENT,4703 - BED & BREAKFAST INNS,
FOUR POINTS BY SHERATON FRENCH QUARTER,4701 - HOTELS (EXC CASINO HOTELS) & MOTELS,
EMPRESS HOTEL,4701 - HOTELS (EXC CASINO HOTELS) & MOTELS,
"MAISON GRACE, LLC",4703 - BED & BREAKFAST INNS,
BEST WESTERN FRENCH QUARTER   LANDMARK HOTEL,4701 - HOTELS (EXC CASINO HOTELS) & MOTELS,
PENELOPE'S BED & BREAKFAST,4703 - BED & BREAKFAST INNS,
RUFFINO'S GUEST HOUSE,4702 - ROOMING & BOARDING HOUSES,
FAIRFIELD INN & SUITES,4701 - HOTELS (EXC CASINO HOTELS) & MOTELS,
NEW ORLEANS GUEST HOUSE,4701 - HOTELS (EXC CASINO HOTELS) & MOTELS,
THE GREEN HOUSE INN,4703 - BED & BREAKFAST INNS,
WYNDHAM NEW ORLEANS,4701 - HOTELS (EXC CASINO HOTELS) & MOTELS,
MOTEL 6 -HOTEL-,4701 - HOTELS (EXC CASINO HOTELS) & MOTELS,
DAUPHINE ORLEANS HOTEL,4701 - HOTELS (EXC CASINO HOTELS) & MOTELS,
ECONO LODGE,4701 - HOTELS (EXC CASINO HOTELS) & MOTELS,
BLUEGREEN RESORTS MANAGEMENT,4701 - HOTELS (EXC CASINO HOTELS) & MOTELS,
H H WHITNEY HOUSE,4703 - BED & BREAKFAST INNS,
BISHOP'S BED BREAKFAST & BEYOND,4701 - HOTELS (EXC CASINO HOTELS) & MOTELS,
ROYAL ST CHARLES HOTEL,4701 - HOTELS (EXC CASINO HOTELS) & MOTELS,
FLEUR DE LIS MANSION,4703 - BED & BREAKFAST INNS,
COLUMNS HOTEL,4701 - HOTELS (EXC CASINO HOTELS) & MOTELS,
WINDSOR COURT HOTEL,4701 - HOTELS (EXC CASINO HOTELS) & MOTELS,
CASA PELICAN LLC,4703 - BED & BREAKFAST INNS,
HISTORIC STREETCAR INN,4701 - HOTELS (EXC CASINO HOTELS) & MOTELS,
HOTEL ROYAL,4701 - HOTELS (EXC CASINO HOTELS) & MOTELS,
FAMILY INN OF NEW ORLEANS,"4704 - TRAVELER ACCOMMODATION, ALL OTH",
MARQUETTE HOUSE HOTEL,4701 - HOTELS (EXC CASINO HOTELS) & MOTELS,
A CREOLE COTTAGE,4703 - BED & BREAKFAST INNS,
HOLIDAY INN DTN SUPERDOME HTM,4701 - HOTELS (EXC CASINO HOTELS) & MOTELS,
CORNSTALK HOTEL,4701 - HOTELS (EXC CASINO HOTELS) & MOTELS,
JW MARRIOT NEW ORLEANS,4701 - HOTELS (EXC CASINO HOTELS) & MOTELS,
CANAL STREET INN,4701 - HOTELS (EXC CASINO HOTELS) & MOTELS,
THE TOWNHOUSE,4703 - BED & BREAKFAST INNS,
